interval,nominal_coverage,inside,n,empirical_coverage,binom_pvalue,reject_nominal@5%
80%,0.8,1597,1710,0.9339181286549708,8.904941104351446e-55,True
95%,0.95,1670,1710,0.9766081871345029,3.2812087760222725e-08,True
