,component,variance_share
0,trend,0.8503560909486979
1,seasonal,0.025780302156527
2,residual,0.1018630480206998
