,model,AIC,BIC,LL,LjungBox_p10,ARCH_LM_p10,JB_pvalue,n_params
4,"ARMA(0,3) + trading_days_in_month",-14282.306515245662,-14244.144682630387,7147.153257622831,0.2907908726895227,1.6081327828646692e-80,0.0,6
0,"ARMA(0,3) on dy",-14275.334765351636,-14243.53323817224,7142.667382675818,0.30191178389550544,2.4933123486180375e-80,0.0,5
1,"ARMA(0,3) + weekday",-14298.49887197763,-14241.256123054718,7158.249435988815,0.163982067507657,1.179163061973032e-80,0.0,9
2,"ARMA(0,3) + events",-14298.171282405168,-14215.48731173874,7162.085641202584,0.25239904502866517,3.501512484272287e-95,0.0,13
3,"ARMA(0,3) + festivals",-14270.146605069189,-14212.903856146277,7144.073302534594,0.31664768559713014,7.067670260687398e-80,0.0,9
5,"ARMA(0,3) + weekday + events + festivals + tdm",-14323.307031344671,-14183.38031175533,7183.653515672336,0.09001735279421641,1.106270215688024e-94,0.0,22
