,vs,DM stat,p-value,interp
0,AR(1),-1.8482663474649292,0.06456382149877782,No significant difference
1,RW,-1.099137415863398,0.271708131869135,No significant difference
