interval,nominal,empirical_coverage_ARIMA,empirical_coverage_GARCH_cond,avg_width_ARIMA_bps,avg_width_GARCH_cond_bps,binom_pvalue_GARCH_cond,reject_nominal_GARCH@5%
80%,0.8,0.960233918128655,0.8748538011695907,12.071847312901037,7.617953445542877,8.917269463184622e-09,True
95%,0.95,0.991812865497076,0.9555555555555556,18.46229726237984,11.650654402518628,0.5296189019744025,False
