,interval,empirical_coverage,average_width_pp,average_width_bps
0,80%,0.960233918128655,0.12071847312901036,12.071847312901037
1,95%,0.991812865497076,0.18462297262379837,18.46229726237984
