,interval,empirical_coverage,average_width_pp,average_width_bps
0,80%,0.9339181286549708,0.1249019246339512,12.49019246339512
1,95%,0.9766081871345029,0.19102100958243562,19.10210095824356
