horizon_days,RW_RMSE,ARIMA_RMSE,RW_MAE,ARIMA_MAE,ARIMA_minus_RW_RMSE_bps,DM_stat,DM_pvalue,n_forecasts
1,0.026697788856468285,0.026549704986805624,0.018666666666666675,0.01883998288422725,-0.014808386966266157,-1.099137415863398,0.271708131869135,855
5,0.05279592887484729,0.05283691937297573,0.0393654524089307,0.03921508830163611,0.004099049812843897,0.11930834626903421,0.9050310713657259,851
22,0.11254914194483222,0.112623297942162,0.08755635491606717,0.0875512804624821,0.007415599732978062,0.2512606729432455,0.8016125784430042,834
66,0.20778891735897562,0.20791534622750965,0.17190759493670887,0.17213690963120917,0.012642886853403423,0.810705583162848,0.41753476632766495,790
